,precision,recall,f1-score,support
0,0.8823529411764706,0.7281553398058253,0.7978723404255318,309.0
1,0.7473118279569892,0.9297658862876255,0.8286140089418779,299.0
2,0.9895470383275261,0.9281045751633987,0.9578414839797639,306.0
accuracy,0.8610503282275711,0.8610503282275711,0.8610503282275711,0.8610503282275711
macro avg,0.8730706024869953,0.8620086004189499,0.8614426111157245,914.0
weighted avg,0.8740642112810636,0.8610503282275711,0.8614853785152281,914.0
