,precision,recall,f1-score,support
0,0.8419243986254296,0.7928802588996764,0.8166666666666668,309.0
1,0.781437125748503,0.8729096989966555,0.8246445497630331,299.0
2,0.9757785467128027,0.9215686274509803,0.9478991596638655,306.0
accuracy,0.862144420131291,0.862144420131291,0.862144420131291,0.862144420131291
macro avg,0.8663800236955784,0.8624528617824373,0.8630701253645219,914.0
weighted avg,0.8669503009498662,0.862144420131291,0.8632121041972536,914.0
