,precision,recall,f1-score,support
0,0.8544061302681992,0.7216828478964401,0.7824561403508772,309.0
1,0.7403314917127072,0.8963210702341137,0.81089258698941,299.0
2,0.9759450171821306,0.9281045751633987,0.9514237855946399,306.0
accuracy,0.8479212253829321,0.8479212253829321,0.8479212253829321,0.8479212253829321
macro avg,0.8568942130543457,0.8487028310979842,0.8482575043116425,914.0
weighted avg,0.8577787587885174,0.8479212253829321,0.8483276906676307,914.0
